{
  "model_name": "roberta-large",
  "task": [
    {
      "task": "cola",
      "target_modules": [
        "query",
        "key",
        "value"
      ],
      "num_parameters": 357593092,
      "trainable_parameters": 2231298,
      "trainable_ratio": "0.6240%",
      "train_time_sec": 160.89033461300005,
      "val_metrics": {
        "eval_loss": 0.5724399089813232,
        "eval_matthews_correlation": 0.10385466804655791,
        "eval_runtime": 2.553,
        "eval_samples_per_second": 408.54,
        "eval_steps_per_second": 12.926,
        "epoch": 3.0
      },
      "val_mm_metrics": null,
      "vram_base_mb": 1365.771484375,
      "vram_peak_mb": 3529.15380859375
    },
    {
      "task": "sst2",
      "target_modules": [
        "query",
        "key",
        "value"
      ],
      "num_parameters": 357593092,
      "trainable_parameters": 2231298,
      "trainable_ratio": "0.6240%",
      "train_time_sec": 1954.5405102030008,
      "val_metrics": {
        "eval_loss": 0.15356051921844482,
        "eval_accuracy": 0.948394495412844,
        "eval_runtime": 4.4378,
        "eval_samples_per_second": 196.492,
        "eval_steps_per_second": 6.309,
        "epoch": 3.0
      },
      "val_mm_metrics": null,
      "vram_base_mb": 1382.646484375,
      "vram_peak_mb": 4374.95751953125
    },
    {
      "task": "mrpc",
      "target_modules": [
        "query",
        "key",
        "value"
      ],
      "num_parameters": 357593092,
      "trainable_parameters": 2231298,
      "trainable_ratio": "0.6240%",
      "train_time_sec": 217.46421734399974,
      "val_metrics": {
        "eval_loss": 0.6224480271339417,
        "eval_accuracy": 0.6838235294117647,
        "eval_f1": 0.8122270742358079,
        "eval_combined_score": 0.7480253018237863,
        "eval_runtime": 3.2823,
        "eval_samples_per_second": 124.304,
        "eval_steps_per_second": 3.961,
        "epoch": 3.0
      },
      "val_mm_metrics": null,
      "vram_base_mb": 1382.646484375,
      "vram_peak_mb": 6010.04248046875
    },
    {
      "task": "qqp",
      "target_modules": [
        "query",
        "key",
        "value"
      ],
      "num_parameters": 357593092,
      "trainable_parameters": 2231298,
      "trainable_ratio": "0.6240%",
      "train_time_sec": 18144.117834464,
      "val_metrics": {
        "eval_loss": 0.2781383693218231,
        "eval_accuracy": 0.8792975513232748,
        "eval_f1": 0.8431574210966124,
        "eval_combined_score": 0.8612274862099436,
        "eval_runtime": 277.7662,
        "eval_samples_per_second": 145.554,
        "eval_steps_per_second": 4.551,
        "epoch": 3.0
      },
      "val_mm_metrics": null,
      "vram_base_mb": 1382.646484375,
      "vram_peak_mb": 7059.96826171875
    },
    {
      "task": "stsb",
      "target_modules": [
        "query",
        "key",
        "value"
      ],
      "num_parameters": 357591042,
      "trainable_parameters": 2230273,
      "trainable_ratio": "0.6237%",
      "train_time_sec": 315.56393479700273,
      "val_metrics": {
        "eval_loss": 2.3785619735717773,
        "eval_pearson": 0.12643872201442719,
        "eval_spearmanr": 0.12096194102085035,
        "eval_combined_score": 0.12370033151763876,
        "eval_runtime": 7.6393,
        "eval_samples_per_second": 196.353,
        "eval_steps_per_second": 6.152,
        "epoch": 3.0
      },
      "val_mm_metrics": null,
      "vram_base_mb": 1382.638671875,
      "vram_peak_mb": 6982.85009765625
    },
    {
      "task": "mnli",
      "target_modules": [
        "query",
        "key",
        "value"
      ],
      "num_parameters": 357595142,
      "trainable_parameters": 2232323,
      "trainable_ratio": "0.6243%",
      "train_time_sec": 24598.002696977,
      "val_metrics": {
        "eval_loss": 0.2968050539493561,
        "eval_accuracy": 0.890983188996434,
        "eval_runtime": 87.87,
        "eval_samples_per_second": 111.699,
        "eval_steps_per_second": 3.494,
        "epoch": 3.0
      },
      "val_mm_metrics": {
        "eval_loss": 0.29730305075645447,
        "eval_accuracy": 0.8891375101708706,
        "eval_runtime": 90.8914,
        "eval_samples_per_second": 108.173,
        "eval_steps_per_second": 3.389,
        "epoch": 3.0
      },
      "vram_base_mb": 1365.779296875,
      "vram_peak_mb": 7066.00146484375
    },
    {
      "task": "qnli",
      "target_modules": [
        "query",
        "key",
        "value"
      ],
      "num_parameters": 357593092,
      "trainable_parameters": 2231298,
      "trainable_ratio": "0.6240%",
      "train_time_sec": 7316.1671418749975,
      "val_metrics": {
        "eval_loss": 0.22064104676246643,
        "eval_accuracy": 0.9157971810360608,
        "eval_runtime": 56.7363,
        "eval_samples_per_second": 96.288,
        "eval_steps_per_second": 3.014,
        "epoch": 3.0
      },
      "val_mm_metrics": null,
      "vram_base_mb": 1382.021484375,
      "vram_peak_mb": 7063.22705078125
    },
    {
      "task": "rte",
      "target_modules": [
        "query",
        "key",
        "value"
      ],
      "num_parameters": 357593092,
      "trainable_parameters": 2231298,
      "trainable_ratio": "0.6240%",
      "train_time_sec": 230.61325054500048,
      "val_metrics": {
        "eval_loss": 0.6936421990394592,
        "eval_accuracy": 0.48736462093862815,
        "eval_runtime": 3.5361,
        "eval_samples_per_second": 78.336,
        "eval_steps_per_second": 2.545,
        "epoch": 3.0
      },
      "val_mm_metrics": null,
      "vram_base_mb": 1382.021484375,
      "vram_peak_mb": 7068.63330078125
    },
    {
      "task": "wnli",
      "target_modules": [
        "query",
        "key",
        "value"
      ],
      "num_parameters": 357593092,
      "trainable_parameters": 2231298,
      "trainable_ratio": "0.6240%",
      "train_time_sec": 40.56949784999597,
      "val_metrics": {
        "eval_loss": 0.689631998538971,
        "eval_accuracy": 0.5633802816901409,
        "eval_runtime": 0.6491,
        "eval_samples_per_second": 109.381,
        "eval_steps_per_second": 4.622,
        "epoch": 3.0
      },
      "val_mm_metrics": null,
      "vram_base_mb": 1382.021484375,
      "vram_peak_mb": 6225.02587890625
    }
  ]
}